{
  "1": -4.499995231628418,
  "2": 6.166665554046631,
  "3": -0.6428570747375488,
  "4": 8.285738945007324,
  "5": 5.666658878326416,
  "6": 0.7142856121063232
}