{
  "1": 4.976184368133545,
  "2": -3.0714263916015625,
  "3": 0.476190447807312
}