{
  "1": 4.976184368133545,
  "2": -3.0714263916015625,
  "3": 0.476190447807312,
  "4": 0.33333316445350647,
  "5": 0.45238029956817627,
  "6": -0.1428571492433548
}