{
  "1": 2.2380945682525635,
  "2": -0.69047611951828
}