{
  "7": 0.0,
  "8": 0.0,
  "9": 0.0,
  "4": -8.50002670288086,
  "5": -17.19044303894043,
  "6": -0.16666662693023682
}