{
  "7": 0.0,
  "8": 0.0,
  "9": 0.0,
  "4": -9.642898559570312,
  "5": -10.619100570678711,
  "6": -0.785714328289032
}