{
  "7": 0.0,
  "8": 0.0,
  "9": 0.0,
  "4": -0.8095232844352722,
  "5": -0.14285723865032196,
  "6": -0.738095223903656
}